market,symbol,signal_date,weeks_ago,current_rsi,signal_rsi,close,chart,status
OKX,TRUMP/USDT,2026-08-17,1,44.8,48.0,2.343,https://www.tradingview.com/chart/?symbol=OKX:TRUMPUSDT,🆕 신규
OKX,DOT/USDT,2026-08-17,1,34.3,37.6,0.8193,https://www.tradingview.com/chart/?symbol=OKX:DOTUSDT,🆕 신규
OKX,BCH/USDT,2026-08-17,1,39.5,43.0,243.4,https://www.tradingview.com/chart/?symbol=OKX:BCHUSDT,🆕 신규
OKX,GRT/USDT,2026-08-17,1,34.7,36.8,0.01613,https://www.tradingview.com/chart/?symbol=OKX:GRTUSDT,🆕 신규
OKX,IOST/USDT,2026-08-17,1,27.4,28.2,0.0005722,https://www.tradingview.com/chart/?symbol=OKX:IOSTUSDT,🆕 신규
OKX,PI/USDT,2026-08-17,1,29.5,29.6,0.09049,https://www.tradingview.com/chart/?symbol=OKX:PIUSDT,🆕 신규
OKX,ZK/USDT,2026-08-17,1,34.5,34.8,0.009089,https://www.tradingview.com/chart/?symbol=OKX:ZKUSDT,🆕 신규
OKX,STX/USDT,2026-08-17,1,52.2,52.2,0.2342,https://www.tradingview.com/chart/?symbol=OKX:STXUSDT,🆕 신규
OKX,IOTA/USDT,2026-08-17,1,39.0,42.9,0.03932,https://www.tradingview.com/chart/?symbol=OKX:IOTAUSDT,🆕 신규
OKX,ZORA/USDT,2026-08-17,1,23.7,21.0,0.007795,https://www.tradingview.com/chart/?symbol=OKX:ZORAUSDT,🆕 신규
OKX,SEI/USDT,2026-08-17,1,34.8,37.0,0.04396,https://www.tradingview.com/chart/?symbol=OKX:SEIUSDT,🆕 신규
OKX,TOSHI/USDT,2026-08-17,1,31.2,34.0,0.00011684,https://www.tradingview.com/chart/?symbol=OKX:TOSHIUSDT,🆕 신규
OKX,GALA/USDT,2026-08-17,1,30.4,32.6,0.001646,https://www.tradingview.com/chart/?symbol=OKX:GALAUSDT,🆕 신규
OKX,ZEUS/USDT,2026-08-17,1,29.6,29.5,0.002496,https://www.tradingview.com/chart/?symbol=OKX:ZEUSUSDT,🆕 신규
OKX,BERA/USDT,2026-08-17,1,32.7,33.8,0.165,https://www.tradingview.com/chart/?symbol=OKX:BERAUSDT,🆕 신규
OKX,SAND/USDT,2026-08-17,1,30.0,33.3,0.03745,https://www.tradingview.com/chart/?symbol=OKX:SANDUSDT,🆕 신규
OKX,KSM/USDT,2026-08-17,1,39.4,41.8,3.461,https://www.tradingview.com/chart/?symbol=OKX:KSMUSDT,🆕 신규
OKX,LPT/USDT,2026-08-17,1,33.2,35.0,1.324,https://www.tradingview.com/chart/?symbol=OKX:LPTUSDT,🆕 신규
OKX,GAS/USDT,2026-08-17,1,44.3,43.7,1.2326,https://www.tradingview.com/chart/?symbol=OKX:GASUSDT,🆕 신규
OKX,MOVE/USDT,2026-08-17,1,28.7,29.0,0.008054,https://www.tradingview.com/chart/?symbol=OKX:MOVEUSDT,🆕 신규
OKX,ZETA/USDT,2026-08-17,1,34.2,35.2,0.03231,https://www.tradingview.com/chart/?symbol=OKX:ZETAUSDT,🆕 신규
OKX,BARD/USDT,2026-08-17,1,28.7,28.4,0.1247,https://www.tradingview.com/chart/?symbol=OKX:BARDUSDT,🆕 신규
OKX,ZKJ/USDT,2026-08-17,1,19.0,19.2,0.005371,https://www.tradingview.com/chart/?symbol=OKX:ZKJUSDT,🆕 신규
OKX,ANIME/USDT,2026-08-17,1,32.1,33.3,0.002702,https://www.tradingview.com/chart/?symbol=OKX:ANIMEUSDT,🆕 신규
OKX,BIGTIME/USDT,2026-08-17,1,30.7,30.4,0.006667,https://www.tradingview.com/chart/?symbol=OKX:BIGTIMEUSDT,🆕 신규
OKX,SNT/USDT,2026-08-17,1,37.5,33.4,0.006842,https://www.tradingview.com/chart/?symbol=OKX:SNTUSDT,🆕 신규
OKX,KAIA/USDT,2026-08-17,1,35.9,38.8,0.02835,https://www.tradingview.com/chart/?symbol=OKX:KAIAUSDT,🆕 신규
OKX,SONIC/USDT,2026-08-17,1,27.1,27.2,0.02072,https://www.tradingview.com/chart/?symbol=OKX:SONICUSDT,🆕 신규
OKX,ZIL/USDT,2026-08-17,1,35.7,38.9,0.002532,https://www.tradingview.com/chart/?symbol=OKX:ZILUSDT,🆕 신규
OKX,SCR/USDT,2026-08-17,1,31.9,31.4,0.02303,https://www.tradingview.com/chart/?symbol=OKX:SCRUSDT,🆕 신규
OKX,WCT/USDT,2026-08-17,1,33.6,34.8,0.03695,https://www.tradingview.com/chart/?symbol=OKX:WCTUSDT,🆕 신규
OKX,ASP/USDT,2026-08-17,1,23.0,23.7,0.01074,https://www.tradingview.com/chart/?symbol=OKX:ASPUSDT,🆕 신규
OKX,SWFTC/USDT,2026-08-17,1,33.1,33.7,0.002487,https://www.tradingview.com/chart/?symbol=OKX:SWFTCUSDT,🆕 신규
OKX,RON/USDT,2026-08-17,1,32.3,33.6,0.05125,https://www.tradingview.com/chart/?symbol=OKX:RONUSDT,🆕 신규
OKX,PROVE/USDT,2026-08-17,1,33.0,33.3,0.1724,https://www.tradingview.com/chart/?symbol=OKX:PROVEUSDT,🆕 신규
OKX,WLFI/USDT,2026-08-10,2,32.8,34.6,0.05586,https://www.tradingview.com/chart/?symbol=OKX:WLFIUSDT,🆕 신규
OKX,ZEN/USDT,2026-08-03,3,44.9,33.1,5.265,https://www.tradingview.com/chart/?symbol=OKX:ZENUSDT,🆕 신규
OKX,DOOD/USDT,2026-08-03,3,33.2,32.2,0.001306,https://www.tradingview.com/chart/?symbol=OKX:DOODUSDT,🆕 신규
OKX,W/USDT,2026-08-03,3,32.8,30.0,0.00903,https://www.tradingview.com/chart/?symbol=OKX:WUSDT,🆕 신규
OKX,ACE/USDT,2026-08-03,3,53.3,46.2,0.17146,https://www.tradingview.com/chart/?symbol=OKX:ACEUSDT,🆕 신규
OKX,ID/USDT,2026-08-03,3,39.7,36.7,0.03096,https://www.tradingview.com/chart/?symbol=OKX:IDUSDT,🆕 신규
OKX,YGG/USDT,2026-08-03,3,34.0,30.8,0.0213,https://www.tradingview.com/chart/?symbol=OKX:YGGUSDT,🆕 신규
OKX,CORE/USDT,2026-07-27,4,30.2,27.8,0.02118,https://www.tradingview.com/chart/?symbol=OKX:COREUSDT,🆕 신규
OKX,CSPR/USDT,2026-07-27,4,46.0,32.0,0.002634,https://www.tradingview.com/chart/?symbol=OKX:CSPRUSDT,🆕 신규
OKX,XCH/USDT,2026-07-27,4,33.2,34.7,1.396,https://www.tradingview.com/chart/?symbol=OKX:XCHUSDT,🆕 신규
OKX,JTO/USDT,2026-07-20,5,44.2,50.6,0.4581,https://www.tradingview.com/chart/?symbol=OKX:JTOUSDT,🆕 신규
OKX,APT/USDT,2026-07-20,5,33.4,32.2,0.5185,https://www.tradingview.com/chart/?symbol=OKX:APTUSDT,🆕 신규
OKX,DOGS/USDT,2026-07-20,5,45.9,44.0,3.801e-05,https://www.tradingview.com/chart/?symbol=OKX:DOGSUSDT,🆕 신규
OKX,WOO/USDT,2026-07-13,6,35.1,34.4,0.01103,https://www.tradingview.com/chart/?symbol=OKX:WOOUSDT,🆕 신규
OKX,LRC/USDT,2026-07-13,6,23.0,26.9,0.008025,https://www.tradingview.com/chart/?symbol=OKX:LRCUSDT,🆕 신규
OKX,DGB/USDT,2026-07-13,6,58.8,45.6,0.00483,https://www.tradingview.com/chart/?symbol=OKX:DGBUSDT,🆕 신규
OKX,T/USDT,2026-07-06,7,36.9,42.1,0.00356,https://www.tradingview.com/chart/?symbol=OKX:TUSDT,🆕 신규
OKX,EGLD/USDT,2026-07-06,7,47.2,34.5,3.764,https://www.tradingview.com/chart/?symbol=OKX:EGLDUSDT,🆕 신규
OKX,SKL/USDT,2026-07-06,7,33.8,34.2,0.003626,https://www.tradingview.com/chart/?symbol=OKX:SKLUSDT,🆕 신규
OKX,XRP/USDT,2026-06-29,8,50.7,35.5,1.3575,https://www.tradingview.com/chart/?symbol=OKX:XRPUSDT,🆕 신규
OKX,LTC/USDT,2026-06-29,8,44.0,35.7,47.95,https://www.tradingview.com/chart/?symbol=OKX:LTCUSDT,🆕 신규
OKX,ADA/USDT,2026-06-29,8,42.8,36.7,0.1927,https://www.tradingview.com/chart/?symbol=OKX:ADAUSDT,🆕 신규
OKX,VIRTUAL/USDT,2026-06-29,8,45.2,35.9,0.6657,https://www.tradingview.com/chart/?symbol=OKX:VIRTUALUSDT,🆕 신규
OKX,AVAX/USDT,2026-06-29,8,41.0,34.5,7.118,https://www.tradingview.com/chart/?symbol=OKX:AVAXUSDT,🆕 신규
OKX,BABY/USDT,2026-06-29,8,41.5,39.5,0.01217,https://www.tradingview.com/chart/?symbol=OKX:BABYUSDT,🆕 신규
OKX,GOAT/USDT,2026-06-29,8,38.0,33.6,0.01523,https://www.tradingview.com/chart/?symbol=OKX:GOATUSDT,🆕 신규
OKX,YFI/USDT,2026-06-29,8,45.1,34.1,2220.0,https://www.tradingview.com/chart/?symbol=OKX:YFIUSDT,🆕 신규
OKX,XTZ/USDT,2026-06-29,8,35.7,35.0,0.2109,https://www.tradingview.com/chart/?symbol=OKX:XTZUSDT,🆕 신규
OKX,ME/USDT,2026-06-29,8,27.8,25.3,0.05964,https://www.tradingview.com/chart/?symbol=OKX:MEUSDT,🆕 신규
OKX,AAVE/USDT,2026-06-15,10,54.3,33.2,122.44,https://www.tradingview.com/chart/?symbol=OKX:AAVEUSDT,🆕 신규
OKX,MET/USDT,2026-06-08,11,47.9,28.9,0.187,https://www.tradingview.com/chart/?symbol=OKX:METUSDT,🆕 신규
OKX,CATI/USDT,2026-06-08,11,50.8,50.7,0.05293,https://www.tradingview.com/chart/?symbol=OKX:CATIUSDT,🆕 신규
OKX,FLOW/USDT,2026-06-08,11,27.8,24.3,0.02687,https://www.tradingview.com/chart/?symbol=OKX:FLOWUSDT,🆕 신규
OKX,WLD/USDT,2026-05-04,16,46.1,35.1,0.3617,https://www.tradingview.com/chart/?symbol=OKX:WLDUSDT,🆕 신규
OKX,FLR/USDT,2026-05-04,16,38.2,37.6,0.006309,https://www.tradingview.com/chart/?symbol=OKX:FLRUSDT,🆕 신규
OKX,OP/USDT,2026-04-13,19,36.2,29.9,0.08649,https://www.tradingview.com/chart/?symbol=OKX:OPUSDT,🆕 신규
OKX,TIA/USDT,2026-04-13,19,40.6,35.0,0.3247,https://www.tradingview.com/chart/?symbol=OKX:TIAUSDT,🆕 신규
OKX,ENS/USDT,2026-04-13,19,46.7,31.3,5.596,https://www.tradingview.com/chart/?symbol=OKX:ENSUSDT,🆕 신규
OKX,PENDLE/USDT,2026-04-13,19,52.3,36.4,1.718,https://www.tradingview.com/chart/?symbol=OKX:PENDLEUSDT,🆕 신규
OKX,PNUT/USDT,2026-04-13,19,43.0,36.3,0.04795,https://www.tradingview.com/chart/?symbol=OKX:PNUTUSDT,🆕 신규
OKX,EIGEN/USDT,2026-04-13,19,40.7,31.4,0.1845,https://www.tradingview.com/chart/?symbol=OKX:EIGENUSDT,🆕 신규
OKX,METIS/USDT,2026-04-13,19,38.2,32.2,2.672,https://www.tradingview.com/chart/?symbol=OKX:METISUSDT,🆕 신규
OKX,APE/USDT,2026-04-13,19,43.0,28.8,0.13238,https://www.tradingview.com/chart/?symbol=OKX:APEUSDT,🆕 신규
OKX,BIO/USDT,2026-04-13,19,42.8,36.3,0.0262,https://www.tradingview.com/chart/?symbol=OKX:BIOUSDT,🆕 신규
OKX,MANA/USDT,2026-04-13,19,40.1,32.9,0.07224,https://www.tradingview.com/chart/?symbol=OKX:MANAUSDT,🆕 신규
OKX,ETHW/USDT,2026-04-13,19,39.8,29.0,0.2607,https://www.tradingview.com/chart/?symbol=OKX:ETHWUSDT,🆕 신규
OKX,ARKM/USDT,2026-04-13,19,41.8,36.9,0.10625,https://www.tradingview.com/chart/?symbol=OKX:ARKMUSDT,🆕 신규
OKX,API3/USDT,2026-04-13,19,38.5,38.4,0.2214,https://www.tradingview.com/chart/?symbol=OKX:API3USDT,🆕 신규
OKX,UMA/USDT,2026-04-13,19,38.2,31.7,0.3617,https://www.tradingview.com/chart/?symbol=OKX:UMAUSDT,🆕 신규
OKX,WIN/USDT,2026-04-13,19,58.9,32.6,3.081e-05,https://www.tradingview.com/chart/?symbol=OKX:WINUSDT,🆕 신규
OKX,ARB/USDT,2026-04-06,20,41.1,34.5,0.08427,https://www.tradingview.com/chart/?symbol=OKX:ARBUSDT,🆕 신규
OKX,1INCH/USDT,2026-04-06,20,45.3,33.5,0.08733,https://www.tradingview.com/chart/?symbol=OKX:1INCHUSDT,🆕 신규
OKX,THETA/USDT,2026-04-06,20,43.8,27.9,0.1667,https://www.tradingview.com/chart/?symbol=OKX:THETAUSDT,🆕 신규
OKX,LDO/USDT,2026-03-30,21,48.1,33.4,0.3534,https://www.tradingview.com/chart/?symbol=OKX:LDOUSDT,🆕 신규
OKX,ETC/USDT,2026-03-30,21,42.4,33.3,7.188,https://www.tradingview.com/chart/?symbol=OKX:ETCUSDT,🆕 신규
OKX,BICO/USDT,2026-03-30,21,47.0,32.3,0.02163,https://www.tradingview.com/chart/?symbol=OKX:BICOUSDT,🆕 신규
OKX,S/USDT,2026-03-30,21,36.5,30.2,0.02759,https://www.tradingview.com/chart/?symbol=OKX:SUSDT,🆕 신규
OKX,MINA/USDT,2026-03-30,21,53.1,31.7,0.06409,https://www.tradingview.com/chart/?symbol=OKX:MINAUSDT,🆕 신규
OKX,MASK/USDT,2026-03-30,21,45.0,34.7,0.4131,https://www.tradingview.com/chart/?symbol=OKX:MASKUSDT,🆕 신규
OKX,BLUR/USDT,2026-03-30,21,39.7,30.2,0.01557,https://www.tradingview.com/chart/?symbol=OKX:BLURUSDT,🆕 신규
OKX,HMSTR/USDT,2026-03-30,21,43.6,25.5,0.0001699,https://www.tradingview.com/chart/?symbol=OKX:HMSTRUSDT,🆕 신규
OKX,NOT/USDT,2026-03-30,21,44.5,30.3,0.000407,https://www.tradingview.com/chart/?symbol=OKX:NOTUSDT,🆕 신규
OKX,AEVO/USDT,2026-03-30,21,41.4,32.7,0.02166,https://www.tradingview.com/chart/?symbol=OKX:AEVOUSDT,🆕 신규
OKX,SAFE/USDT,2026-03-30,21,41.5,36.4,0.0869,https://www.tradingview.com/chart/?symbol=OKX:SAFEUSDT,🆕 신규
OKX,GMT/USDT,2026-03-30,21,35.5,30.1,0.006774,https://www.tradingview.com/chart/?symbol=OKX:GMTUSDT,🆕 신규
OKX,ILV/USDT,2026-03-30,21,37.8,31.9,2.99,https://www.tradingview.com/chart/?symbol=OKX:ILVUSDT,🆕 신규
OKX,ONDO/USDT,2026-03-23,22,47.7,31.1,0.3442,https://www.tradingview.com/chart/?symbol=OKX:ONDOUSDT,🆕 신규
OKX,DYDX/USDT,2026-03-23,22,41.9,30.0,0.10626,https://www.tradingview.com/chart/?symbol=OKX:DYDXUSDT,🆕 신규
OKX,ONT/USDT,2026-03-23,22,49.3,44.3,0.05263,https://www.tradingview.com/chart/?symbol=OKX:ONTUSDT,🆕 신규
OKX,ENJ/USDT,2026-03-16,23,40.3,31.5,0.02393,https://www.tradingview.com/chart/?symbol=OKX:ENJUSDT,🆕 신규
OKX,BTC/USDT,2026-03-09,24,56.5,36.2,77677.7,https://www.tradingview.com/chart/?symbol=OKX:BTCUSDT,🆕 신규
OKX,SOL/USDT,2026-03-09,24,57.9,35.0,101.77,https://www.tradingview.com/chart/?symbol=OKX:SOLUSDT,🆕 신규
OKX,SUSHI/USDT,2026-03-09,24,44.9,32.6,0.1889,https://www.tradingview.com/chart/?symbol=OKX:SUSHIUSDT,🆕 신규
OKX,XLM/USDT,2026-03-09,24,47.4,35.5,0.17465,https://www.tradingview.com/chart/?symbol=OKX:XLMUSDT,🆕 신규
OKX,INJ/USDT,2026-03-09,24,50.6,31.7,4.994,https://www.tradingview.com/chart/?symbol=OKX:INJUSDT,🆕 신규
OKX,ALGO/USDT,2026-03-09,24,43.1,33.6,0.08474,https://www.tradingview.com/chart/?symbol=OKX:ALGOUSDT,🆕 신규
OKX,OKSOL/USDT,2026-03-09,24,57.9,34.7,101.96,https://www.tradingview.com/chart/?symbol=OKX:OKSOLUSDT,🆕 신규
OKX,SATS/USDT,2026-03-09,24,42.7,33.2,1e-08,https://www.tradingview.com/chart/?symbol=OKX:SATSUSDT,🆕 신규
OKX,RSR/USDT,2026-03-09,24,40.5,32.7,0.001323,https://www.tradingview.com/chart/?symbol=OKX:RSRUSDT,🆕 신규
OKX,MEW/USDT,2026-03-09,24,38.8,32.9,0.000405,https://www.tradingview.com/chart/?symbol=OKX:MEWUSDT,🆕 신규
OKX,ACT/USDT,2026-03-09,24,40.3,33.3,0.010192,https://www.tradingview.com/chart/?symbol=OKX:ACTUSDT,🆕 신규
OKX,JITOSOL/USDT,2026-03-09,24,59.1,34.9,132.41,https://www.tradingview.com/chart/?symbol=OKX:JITOSOLUSDT,🆕 신규
OKX,PIXEL/USDT,2026-03-09,24,39.5,43.8,0.004827,https://www.tradingview.com/chart/?symbol=OKX:PIXELUSDT,🆕 신규
OKX,BABYDOGE/USDT,2026-03-09,24,43.1,34.2,0.0,https://www.tradingview.com/chart/?symbol=OKX:BABYDOGEUSDT,🆕 신규
OKX,NEO/USDT,2026-03-09,24,40.6,35.5,2.013,https://www.tradingview.com/chart/?symbol=OKX:NEOUSDT,🆕 신규
OKX,VINE/USDT,2026-03-09,24,32.5,31.9,0.006932,https://www.tradingview.com/chart/?symbol=OKX:VINEUSDT,🆕 신규
OKX,VELODROME/USDT,2026-03-09,24,54.3,32.7,0.02178,https://www.tradingview.com/chart/?symbol=OKX:VELODROMEUSDT,🆕 신규
OKX,PHA/USDT,2026-03-02,25,41.6,38.9,0.02412,https://www.tradingview.com/chart/?symbol=OKX:PHAUSDT,🆕 신규
OKX,MMT/USDT,2026-03-02,25,40.4,10.7,0.1568,https://www.tradingview.com/chart/?symbol=OKX:MMTUSDT,🆕 신규
OKX,AIXBT/USDT,2026-03-02,25,38.5,29.8,0.02002,https://www.tradingview.com/chart/?symbol=OKX:AIXBTUSDT,🆕 신규
OKX,GMX/USDT,2026-02-23,26,55.2,34.0,7.6,https://www.tradingview.com/chart/?symbol=OKX:GMXUSDT,🆕 신규
OKX,SAHARA/USDT,2026-02-23,26,32.8,30.0,0.008151,https://www.tradingview.com/chart/?symbol=OKX:SAHARAUSDT,🆕 신규
OKX,2Z/USDT,2026-02-23,26,38.2,30.8,0.05214,https://www.tradingview.com/chart/?symbol=OKX:2ZUSDT,🆕 신규
OKX,LINEA/USDT,2026-02-09,28,28.2,14.1,0.002443,https://www.tradingview.com/chart/?symbol=OKX:LINEAUSDT,🆕 신규
OKX,AGLD/USDT,2026-02-09,28,40.7,31.2,0.1616,https://www.tradingview.com/chart/?symbol=OKX:AGLDUSDT,🆕 신규
OKX,ASTER/USDT,2026-02-02,29,48.0,30.5,0.6828,https://www.tradingview.com/chart/?symbol=OKX:ASTERUSDT,🆕 신규
OKX,AXS/USDT,2026-01-12,32,41.6,53.2,0.8752,https://www.tradingview.com/chart/?symbol=OKX:AXSUSDT,🆕 신규
OKX,POL/USDT,2026-01-05,33,50.9,45.9,0.09726,https://www.tradingview.com/chart/?symbol=OKX:POLUSDT,🆕 신규
OKX,FET/USDT,2025-12-29,34,41.4,37.2,0.1489,https://www.tradingview.com/chart/?symbol=OKX:FETUSDT,🆕 신규
OKX,RENDER/USDT,2025-12-29,34,42.8,40.9,1.401,https://www.tradingview.com/chart/?symbol=OKX:RENDERUSDT,🆕 신규
OKX,ATOM/USDT,2025-12-29,34,40.4,34.2,1.46,https://www.tradingview.com/chart/?symbol=OKX:ATOMUSDT,🆕 신규
OKX,LUNA/USDT,2025-12-01,38,37.1,39.4,0.04356,https://www.tradingview.com/chart/?symbol=OKX:LUNAUSDT,🆕 신규
OKX,RESOLV/USDT,2025-11-03,42,37.3,38.5,0.01708,https://www.tradingview.com/chart/?symbol=OKX:RESOLVUSDT,🆕 신규
OKX,PROMPT/USDT,2025-11-03,42,37.2,37.3,0.02343,https://www.tradingview.com/chart/?symbol=OKX:PROMPTUSDT,🆕 신규
OKX,MOODENG/USDT,2025-09-08,50,42.2,50.7,0.03891,https://www.tradingview.com/chart/?symbol=OKX:MOODENGUSDT,🆕 신규
OKX,MEME/USDT,2025-05-05,68,40.2,36.6,0.000507,https://www.tradingview.com/chart/?symbol=OKX:MEMEUSDT,🆕 신규
OKX,STRK/USDT,2024-09-02,103,36.7,31.1,0.02472,https://www.tradingview.com/chart/?symbol=OKX:STRKUSDT,🆕 신규
OKX,MAGIC/USDT,2023-03-13,180,36.7,61.0,0.04558,https://www.tradingview.com/chart/?symbol=OKX:MAGICUSDT,🆕 신규
